date,retailer,brand,caliber,weight,name,category,stock,price,qty,ppr,upc,mpn,sku,style,velocity,energy,bc,sd,url
"2026-07-25","Cabelas","Federal","270 Win","150","Federal Premium Power-Shok .270 Winchester 150 Grain Jacketed Soft-Point Centerfire Rifle Ammo","Lead-Core","In Stock","33.99","20","1.700","","","1893719","SST","","","","","https://www.cabelas.com/p/federal-premium-power-shok-270-winchester-150-grain-jacketed-soft-point-centerfire-rifle-ammo"
"2026-07-25","Cabelas","Winchester","270 Win","130","Remington Core-Lokt .270 Winchester 130 Grain Centerfire Rifle Ammo","Lead-Core","In Stock","33.99","20","1.700","","","277147","Soft Point","","","","","https://www.cabelas.com/p/remington-core-lokt-270-winchester-130-grain-centerfire-rifle-ammo"
"2026-07-25","Cabelas","Nosler","270 Win","130","Nosler Whitetail Country .270 Winchester 130 Grain Solid Base Centerfire Rifle Ammo","Lead-Core","In Stock","35.99","20","1.800","","","4255920","SST","","","","","https://www.cabelas.com/p/nosler-whitetail-country-270-winchester-130-grain-solid-base-centerfire-rifle-ammo"
"2026-07-25","Cabelas","Hornady","270 Win","145","Hornady Precision Hunter .270 Win 145 Grain Rifle Ammo","Lead-Core","In Stock","49.99","20","2.500","","","2449084","ELD-X","","","","","https://www.cabelas.com/p/hornady-precision-270-win-145-grain-hunter-rifle-ammo"
"2026-07-25","Cabelas","Winchester","270 Win","150","Remington Core-Lokt .270 Winchester 150 Grain Centerfire Rifle Ammo","Lead-Core","In Stock","33.99","20","1.700","","","277149","SST","","","","","https://www.cabelas.com/p/remington-core-lokt-270-winchester-150-grain-centerfire-rifle-ammo"
"2026-07-25","Cabelas","Winchester","270 Win","150","Winchester Ballistic Silvertip .270 WSM Win Short Mag 150 Grain Centerfire Rifle","Lead-Core","In Stock","69.99","20","3.499","","","979876","Polymer Tip","","","","","https://www.cabelas.com/p/winchester-ballistic-silvertip-270-wsm-win-short-mag-150-grain-centerfire-rifle-ammo"
"2026-07-25","Cabelas","Winchester","270 Win","130","Winchester Ballistic Silvertip .270 Win 130 Grain Centerfire Rifle Ammo","Lead-Core","In Stock","44.99","20","2.250","","","545500","SST","","","","","https://www.cabelas.com/p/winchester-ballistic-silvertip-270-winchester-130-grain-centerfire-rifle-ammo"
"2026-07-25","Cabelas","Winchester","270 Win","150","Winchester Super-X Power-Point .270 WSM Win Short Mag 150 Grain Centerfire Rifle Ammo","Lead-Core","In Stock","61.99","20","3.099","","","920789","","","","","","https://www.cabelas.com/p/winchester-super-x-power-point-270-wsm-win-short-mag-150-grain-centerfire-rifle-ammo"
"2026-07-25","Cabelas","Winchester","270 Win","130","Winchester Deer Season XP .270 WSM 130 Grain Centerfire Rifle Ammo","Lead-Core","In Stock","62.99","20","3.150","","","2189132","CX","","","","","https://www.cabelas.com/p/winchester-deer-season-xp-270-wsm-130-grain-centerfire-rifle-ammo"
"2026-07-25","Cabelas","Winchester","270 Win","130","Winchester Ballistic Silvertip .270 Win 130 Grain Centerfire Rifle Ammo","Lead-Core","In Stock","44.99","20","2.250","","","545500","SST","","","","","https://www.cabelas.com/p/winchester-ballistic-silvertip-270-winchester-130-grain-centerfire-rifle-ammo"
"2026-07-25","Cabelas","Winchester","270 Win","150","Winchester Super-X Power-Point .270 WSM Win Short Mag 150 Grain Centerfire Rifle Ammo","Lead-Core","In Stock","61.99","20","3.099","","","920789","","","","","","https://www.cabelas.com/p/winchester-super-x-power-point-270-wsm-win-short-mag-150-grain-centerfire-rifle-ammo"
"2026-07-25","Cabelas","Winchester","270 Win","130","Winchester Deer Season XP .270 WSM 130 Grain Centerfire Rifle Ammo","Lead-Core","In Stock","62.99","20","3.150","","","2189132","CX","","","","","https://www.cabelas.com/p/winchester-deer-season-xp-270-wsm-130-grain-centerfire-rifle-ammo"
"2026-07-25","Cabelas","Winchester","270 Win","130","Winchester Super-X Power-Point .270 Win 130 Grain Centerfire Rifle Ammo","Lead-Core","In Stock","33.99","20","1.700","","","545628","","","","","","https://www.cabelas.com/p/winchester-super-x-power-point-270-win-130-grain-centerfire-rifle-ammo"
"2026-07-25","Cabelas","Winchester","270 Win","150","Winchester Super-X Power-Point .270 Win 150 Grain Centerfire Rifle Ammo","Lead-Core","In Stock","33.99","20","1.700","","","278665","SP","","","","","https://www.cabelas.com/p/winchester-super-x-power-point-270-win-150-grain-centerfire-rifle-ammo"
"2026-07-25","Cabelas","Winchester","270 Win","150","Winchester Power-Point 250th Anniversary Edition .270 Winchester 150 Grain SP Rifle Ammo","Lead-Core","In Stock","74.99","20","3.749","","","4782496","Polymer Tip","","","","","https://www.cabelas.com/p/winchester-power-point-250th-anniversary-edition-270-win-150-grain-sp-rifle-ammo"
"2026-07-25","Cabelas","Winchester","270 Win","130","Winchester Deer Season Copper Impact .270 Win 130 Grain Centerfire Rifle Ammo","Lead-Free","In Stock","44.99","20","2.250","","","2494743","Polymer Tip","","","","","https://www.cabelas.com/p/winchester-deer-season-copper-impact-270-win-130-grain-centerfire-rifle-ammo"
"2026-07-25","Cabelas","Winchester","270 Win","130","Winchester Deer Season XP Copper Impact .270 WSM 130 Grain Centerfire Rifle Ammo","Lead-Free","In Stock","64.99","20","3.249","","","2906765","CX","","","","","https://www.cabelas.com/p/winchester-deer-season-xp-copper-impact-centerfire-rifle-ammo"
"2026-07-25","Cabelas","Winchester","270 Win","130","Winchester Deer Season XP .270 Winchester 130 Grain Centerfire Rifle Ammo","Lead-Core","In Stock","39.99","20","2.000","","","2189131","SST","","","","","https://www.cabelas.com/p/winchester-deer-season-xp-270-winchester-130-grain-centerfire-rifle-ammo"
"2026-07-25","Cabelas","Federal","270 Win","130","Federal Premium Fusion .270 Winchester 130 Grain Soft-Point Centerfire Rifle Ammo","Lead-Core","In Stock","41.99","20","2.099","","","1894163","Boat Tail","","","","","https://www.cabelas.com/p/federal-premium-fusion-270-winchester-130-grain-soft-point-centerfire-rifle-ammo"
"2026-07-25","Cabelas","Winchester","270 Win","130","Herter's .270 Winchester 130 Grain Soft Point Centerfire Rifle Ammo","Lead-Core","In Stock","30.99","20","1.549","","","2710379","SST","","","","","https://www.cabelas.com/p/herters-270-winchester-130-grain-soft-point-centerfire-rifle-ammo"
"2026-07-25","Cabelas","Remington","270 Win","130","Remington Core-Lokt .270 WSM Win Short Mag 130 Grain Centerfire Rifle Ammo","Lead-Core","In Stock","67.99","20","3.399","","","1276247","","","","","","https://www.cabelas.com/p/remington-core-lokt-270-wsm-win-short-mag-130-grain-centerfire-rifle-ammo"
"2026-07-25","Cabelas","Winchester","270 Win","130","Winchester Deer Season XP .270 WSM 130 Grain Centerfire Rifle Ammo","Lead-Core","In Stock","62.99","20","3.150","","","2189132","CX","","","","","https://www.cabelas.com/p/winchester-deer-season-xp-270-wsm-130-grain-centerfire-rifle-ammo"
"2026-07-25","Cabelas","Hornady","270 Win","130","Hornady Outfitter .270 Winchester 130 Grain CX Centerfire Rifle Ammo","Lead-Free","In Stock","53.99","20","2.700","","","3345620","CX","","","","","https://www.cabelas.com/p/hornady-outfitter-270-winchester-130-grain-cx-centerfire-rifle-ammo"
"2026-07-25","Cabelas","Browning","270 Win","150","Browning Silver Series 270 Win 150 Grain Plated Soft Point Centerfire Rifle Ammo","Lead-Core","In Stock","33.99","20","1.700","","","3698101","SST","","","","","https://www.cabelas.com/p/browning-silver-series-270-win-150-grain-plated-soft-point-centerfire-rifle-ammo"
"2026-07-25","Cabelas","Federal","270 Win","130","Federal Power Shok Copper .270 Winchester 130 Grain Hollow Point Centerfire Rifle Ammo","Lead-Free","In Stock","46.99","20","2.349","","","2314338","SST","","","","","https://www.cabelas.com/p/federal-power-shok-copper-270-winchester-130-grain-hollow-point-centerfire-rifle-ammo"
"2026-07-25","Cabelas","Winchester","270 Win","130","Remington Core-Lokt Copper .270 Winchester 130 Grain Rifle Ammo","Lead-Free","In Stock","43.99","20","2.200","","","3680094","Hollow Point","","","","","https://www.cabelas.com/p/remington-core-lokt-copper-270-winchester-130-grain-rifle-ammo"
"2026-07-25","Cabelas","Hornady","270 Win","130","Herter's Big Game BST .270 Win 130 Grain Centerfire Rifle Ammo","Lead-Core","In Stock","39.99","20","2.000","","","4409032","SST","","","","","https://www.cabelas.com/p/herters-big-game-bst-270-win-130-grain-centerfire-rifle-ammo"
"2026-07-25","Cabelas","Hornady","270 Win","145","Hornady Precision .270 WSM 145 Grain Hunter Rifle Ammo","Lead-Core","In Stock","74.99","20","3.749","","","4996016","ELD-X","","","","","https://www.cabelas.com/p/hornady-precision-270-wsm-145-grain-hunter-rifle-ammo"
"2026-07-25","Cabelas","Federal","270 Win","136","Federal Premium Terminal Ascent .270 WSM 136 Grain Centerfire Rifle Ammo","Lead-Core","In Stock","74.99","20","3.749","","","2874678","CX","","","","","https://www.cabelas.com/p/federal-premium-terminal-ascent-270-wsm-136-grain-centerfire-rifle-ammo"
"2026-07-25","Cabelas","Winchester","270 Win","130","SIG SAUER Venari SP .270 Winchester 130 Grain Soft-Point Hunting Ammo","Lead-Core","In Stock","41.99","20","2.099","","","3503227","Polymer Tip","3140","","","","https://www.cabelas.com/p/sig-sauer-venari-sp-270-winchester-130-grain-soft-point-hunting-ammo"
"2026-07-25","Cabelas","Remington","270 Win","130","Remington Premier Scirocco Bonded .270 Win 130 Grain Centerfire Rifle Ammo","Lead-Core","In Stock","65.99","20","3.299","","","2778261","Ballistic Tip","","","","","https://www.cabelas.com/p/remington-premier-scirocco-bonded-270-win-130-grain-centerfire-rifle-ammo"
"2026-07-25","Cabelas","Winchester","270 Win","130","PPU SP .270 Winchester 130 Grain Centerfire Rifle Ammo","Lead-Core","In Stock","29.99","20","1.499","","","5078672","SST","","","","","https://www.cabelas.com/p/ppu-sp-270-winchester-130-grain-centerfire-rifle-ammo"
"2026-07-25","Cabelas","Nosler","270 Win","150","Nosler Trophy Grade .270 WSM 150 Grain Centerfire Rifle Ammo","Lead-Core","In Stock","89.99","20","4.499","","","2353704","CX","","","","","https://www.cabelas.com/p/nosler-trophy-grade-270-wsm-150-grain-centerfire-rifle-ammo"
"2026-07-25","Cabelas","Federal","270 Win","150","HSM Trophy Gold .270 WSM 150 Grain Boat Tail Hollow Point Centerfire Rifle Ammo","Lead-Core","In Stock","89.99","20","4.499","","","2353413","Hollow Point","","","","","https://www.cabelas.com/p/hsm-trophy-gold-270-wsm-150-grain-boat-tail-hollow-point-centerfire-rifle-ammo"
"2026-07-25","Cabelas","Nosler","270 Win","130","Nosler Trophy Grade .270 Winchester 130 Grain Centerfire Rifle Ammo","Lead-Core","In Stock","64.99","20","3.249","","","1613149","SST","","","","","https://www.cabelas.com/p/nosler-trophy-grade-270-winchester-130-grain-centerfire-rifle-ammo"
"2026-07-25","Cabelas","Federal","270 Win","150","Federal Premium Fusion .270 Winchester 150 Grain Soft-Point Centerfire Rifle Ammo","Lead-Core","In Stock","41.99","20","2.099","","","1894164","Ballistic Tip","","","","","https://www.cabelas.com/p/federal-premium-fusion-270-winchester-150-grain-soft-point-centerfire-rifle-ammo"
"2026-07-25","Cabelas","Hornady","270 Win","130","Hornady Outfitter .270 WSM 130 Grain CX Centerfire Rifle Ammo","Lead-Free","In Stock","67.99","20","3.399","","","3345621","CX","","","","","https://www.cabelas.com/p/hornady-outfitter-270-wsm-130-grain-cx-centerfire-rifle-ammo"
"2026-07-25","Cabelas","Hornady","270 Win","130","Hornady American Whitetail .270 Winchester 130 Grain Centerfire Rifle Ammo","Lead-Core","In Stock","31.99","20","1.599","","","1998822","SST","","","","","https://www.cabelas.com/p/hornady-american-whitetail-270-winchester-130-grain-centerfire-rifle-ammo"
"2026-07-25","Cabelas","Winchester","270 Win","150","PPU SP .270 Winchester 150 Grain Centerfire Rifle Ammo","Lead-Core","In Stock","29.99","20","1.499","","","5078673","Soft Point","","","","","https://www.cabelas.com/p/ppu-sp-270-winchester-150-grain-centerfire-rifle-ammo"
"2026-07-25","Cabelas","Nosler","270 Win","150","Nosler Trophy Grade .270 Winchester 150 Grain Centerfire Rifle Ammo","Lead-Core","In Stock","64.99","20","3.249","","","2353708","SP","","","","","https://www.cabelas.com/p/nosler-trophy-grade-270-winchester-150-grain-centerfire-rifle-ammo"
"2026-07-25","Cabelas","Remington","270 Win","130","Remington Premier CuT .270 Win 130-Grain Centerfire Rifle Ammo","Lead-Core","In Stock","49.99","20","2.500","","","3982157","CX","","","","","https://www.cabelas.com/p/remington-premier-cut-270-win-140-grain-centerfire-rifle-ammo"
"2026-07-25","Cabelas","Remington","270 Win","130","Remington Core-Lokt Tipped .270 Win 130 Grain Centerfire Rifle Ammo","Lead-Core","In Stock","38.99","20","1.950","","","3327490","Ballistic Tip","","","","","https://www.cabelas.com/p/remington-core-lokt-tipped-270-win-130-grain-centerfire-rifle-ammo"
"2026-07-25","Cabelas","Federal","270 Win","150","Federal Premium Fusion .270 WSM 150 Grain Soft-Point Centerfire Rifle Ammo","Lead-Core","In Stock","67.99","20","3.399","","","1894166","Boat Tail","","","","","https://www.cabelas.com/p/federal-premium-fusion-270-wsm-150-grain-soft-point-centerfire-rifle-ammo"
"2026-07-25","Cabelas","Hornady","270 Win","130","Hornady Superformance .270 Winchester 130 Grain SST Centerfire Rifle Ammo","Lead-Core","In Stock","48.99","20","2.450","","","1693269","SST","200","","","","https://www.cabelas.com/p/hornady-superformance-270-winchester-130-grain-sst-centerfire-rifle-ammo"
"2026-07-25","Cabelas","Browning","270 Win","130","Browning 270 Win 130 Gr Max Point 20 Rd","Lead-Core","In Stock","39.99","20","2.000","","","4215823","Ballistic Tip","3060","2702","","","https://www.cabelas.com/p/browning-270-win-130-gr-max-point-20-rd"
"2026-07-25","Cabelas","Hornady","270 Win","140","Hornady Superformance .270 Winchester 140 Grain SST Centerfire Rifle Ammo","Lead-Core","In Stock","48.99","20","2.450","","","1693271","SST","200","","","","https://www.cabelas.com/p/hornady-superformance-270-winchester-140-grain-sst-centerfire-rifle-ammo"
"2026-07-25","Cabelas","Federal","270 Win","136","Federal Premium Terminal Ascent .270 Win 136 Grain Centerfire Rifle Ammo","Lead-Core","In Stock","57.99","20","2.900","","","2874677","SST","","","","","https://www.cabelas.com/p/federal-premium-terminal-ascent-270-win-136-grain-centerfire-rifle-ammo"
"2026-07-25","Cabelas","Federal","270 Win","140","Federal Premium Berger Hybrid Hunter .270 WSM 140 Grain Rifle Ammo","Lead-Core","In Stock","74.99","20","3.749","","","2715136","CX","","","","","https://www.cabelas.com/p/federal-premium-berger-hybrid-hunter-270-wsm-140-grain-rifle-ammo"
"2026-07-25","Cabelas","Federal","270 Win","130","Federal Premium Vital-Shok Trophy Bonded Tip .270 Winchester 130 Grain Rifle Ammo","Lead-Core","In Stock","49.99","20","2.500","","","1893592","SST","","","","","https://www.cabelas.com/p/federal-premium-vital-shok-trophy-bonded-tip-270-winchester-130-grain-rifle-ammo"
"2026-07-25","Cabelas","Winchester","270 Win","150","HSM Tipping Point .270 Winchester 150 Grain SST Centerfire Rifle Ammo","Lead-Core","In Stock","38.99","20","1.950","","","3719792","SST","","","","","https://www.cabelas.com/p/hsm-tipping-point-270-winchester-150-grain-sst-centerfire-rifle-ammo"
"2026-07-25","Cabelas","Barnes","270 Win","130","Federal Premium 270 Winchester 130 Grain Barnes TSX Centerfire Rifle Ammo","Lead-Free","In Stock","52.99","20","2.650","","","3516850","CX","3060","","","","https://www.cabelas.com/p/federal-premium-270-winchester-130-grain-barnes-tsx-centerfire-rifle-ammo"
"2026-07-25","Cabelas","Nosler","270 Win","140","Nosler Ballistic Tip .270 Winchester 140 Grain Rifle Ammo","Lead-Core","In Stock","47.99","20","2.400","","","2177328","SST","","","","","https://www.cabelas.com/p/nosler-ballistic-tip-270-winchester-140-grain-rifle-ammo"
"2026-07-25","Cabelas","Hornady","270 Win","140","Hornady American Whitetail .270 Winchester 140 Grain Centerfire Rifle Ammo","Lead-Core","In Stock","31.99","20","1.599","","","2353095","SST","","","","","https://www.cabelas.com/p/hornady-american-whitetail-270-winchester-140-grain-centerfire-rifle-ammo"
"2026-07-25","Cabelas","Federal","270 Win","140","Federal Premium Berger Hybrid Hunter .270 Winchester 140 Grain Rifle Ammo","Lead-Core","In Stock","49.99","20","2.500","","","2715135","SST","","","","","https://www.cabelas.com/p/federal-premium-berger-hybrid-hunter-270-win-140-grain-rifle-ammo"
"2026-07-25","Cabelas","Federal","270 Win","150","Federal Fusion Tipped .270 Win 150 Grain Centerfire Rifle Ammo","Lead-Core","In Stock","44.99","20","2.250","","","3979830","SST","","","","","https://www.cabelas.com/p/federal-fusion-tipped-270-win-150-grain-centerfire-rifle-ammo"
"2026-07-25","Cabelas","Federal","270 Win","130","Federal Premium Power-Shok .270 WSM 130 Grain Jacketed Soft-Point Centerfire Rifle Ammo","Lead-Core","In Stock","61.99","20","3.099","","","1892596","FMJ","","","","","https://www.cabelas.com/p/federal-premium-power-shok-270-wsm-130-grain-jacketed-soft-point-centerfire-rifle-ammo"
"2026-07-25","Cabelas","Winchester","270 Win","140","SIG SAUER Elite Hunter Tipped .270 Winchester 140 Grain Polymer Tip Centerfire Rifle Ammo","Lead-Core","In Stock","49.99","20","2.500","","","2810247","SST","","","","","https://www.cabelas.com/p/sig-sauer-elite-hunter-tipped-270-winchester-140-grain-polymer-tip-centerfire-rifle-ammo"
"2026-07-25","Cabelas","Winchester","270 Win","140","SIG SAUER Marksman Hunter .270 Winchester 140 Grain Sierra Gameking Centerfire Rifle Ammo","Lead-Core","In Stock","35.99","20","1.800","","","4058441","SST","","","","","https://www.cabelas.com/p/sig-sauer-marksman-hunter-270-winchester-140-grain-sierra-gameking-centerfire-rifle-ammo"
"2026-07-25","Cabelas","Sig Sauer","270 Win","150","SIG SAUER Platinum Hunter .270 Win 150 Grain AccuBond Centerfire Rifle Ammo","Lead-Core","In Stock","44.99","20","2.250","","","4058449","Polymer Tip","","","","","https://www.cabelas.com/p/sig-sauer-platinum-hunter-270-win-150-grain-accubond-centerfire-rifle-ammo"
"2026-07-25","Cabelas","Federal","270 Win","130","Federal Premium Power-Shok .270 Winchester 130 Grain Jacketed Soft-Point Centerfire Rifle Ammo","Lead-Core","In Stock","33.99","20","1.700","","","1893718","SST","","","","","https://www.cabelas.com/p/federal-premium-power-shok-270-winchester-130-grain-jacketed-soft-point-centerfire-rifle-ammo"
"2026-07-25","Cabelas","Winchester","270 Win","130","HSM Trophy Gold .270 Winchester Short Magnum 130 Grain Boat Tail HP Centerfire Rifle Ammo","Lead-Core","In Stock","89.99","20","4.499","","","2353412","HP","","","","","https://www.cabelas.com/p/hsm-trophy-gold-270-winchester-short-magnum-130-grain-boat-tail-hp-centerfire-rifle-ammo"
"2026-07-25","Cabelas","Hornady","270 Win","130","Hornady American Whitetail TIPPED .270 Winchester 130 Grain SST Centerfire Rifle Ammo","Lead-Core","In Stock","35.99","20","1.800","","","4660924","SST","","","","","https://www.cabelas.com/p/hornady-american-whitetail-tipped-270-winchester-130-grain-sst-centerfire-rifle-ammo"
